pos_x,pos_y,rotation,side,designator,mpn,pack,footprint,value,mount_type
73.681,-33.040996,90.0,top,C1,,,C_01005_0402Metric,0.1uF,smt
74.590996,-33.934396,180.0,top,C2,,,C_01005_0402Metric,1uF,smt
72.791998,-33.934398,180.0,top,C3,,,C_01005_0402Metric,0.1uF,smt
73.680998,-34.844798,90.0,top,C4,,,C_01005_0402Metric,0.1uF,smt
71.258492,-31.454971,45.0,top,C5,,,C_01005_0402Metric,0.1uF,smt
69.203138,-33.510325,-135.0,top,C6,,,C_01005_0402Metric,0.1uF,smt
54.103734,-57.314541,138.0,bottom,CN1,SM02B-SRSS-TB(LF)(SN),,CONN-SMD_2P-P1.00_SM02B-SRSS-TB-LF-SN,SM02B-SRSS-TB,smt
53.1114,-52.4764,0.0,top,D1,,,LED-ARRAY-SMD_6P-L1.6-W1.6-TL_19-337C-RSBHGHC-M01,LED_RGB,tht
66.5212,-54.7116,0.0,top,D10,,,LED-ARRAY-SMD_6P-L1.6-W1.6-TL_19-337C-RSBHGHC-M01,LED_RGB,tht
68.0452,-56.896,0.0,top,D11,,,LED-ARRAY-SMD_6P-L1.6-W1.6-TL_19-337C-RSBHGHC-M01,LED_RGB,tht
69.5438,-59.0804,0.0,top,D12,,,LED-ARRAY-SMD_6P-L1.6-W1.6-TL_19-337C-RSBHGHC-M01,LED_RGB,tht
71.005,-52.4744,0.0,top,D13,,,LED-ARRAY-SMD_6P-L1.6-W1.6-TL_19-337C-RSBHGHC-M01,LED_RGB,tht
72.529,-54.6588,0.0,top,D14,,,LED-ARRAY-SMD_6P-L1.6-W1.6-TL_19-337C-RSBHGHC-M01,LED_RGB,tht
74.0276,-56.8432,0.0,top,D15,,,LED-ARRAY-SMD_6P-L1.6-W1.6-TL_19-337C-RSBHGHC-M01,LED_RGB,tht
76.708,-52.451,0.0,top,D16,,,LED-ARRAY-SMD_6P-L1.6-W1.6-TL_19-337C-RSBHGHC-M01,LED_RGB,tht
58.9816,-52.4978,0.0,top,D2,,,LED-ARRAY-SMD_6P-L1.6-W1.6-TL_19-337C-RSBHGHC-M01,LED_RGB,tht
57.4936,-54.7096,0.0,top,D3,,,LED-ARRAY-SMD_6P-L1.6-W1.6-TL_19-337C-RSBHGHC-M01,LED_RGB,tht
55.995,-56.894,0.0,top,D4,,,LED-ARRAY-SMD_6P-L1.6-W1.6-TL_19-337C-RSBHGHC-M01,LED_RGB,tht
65.0106,-52.4998,0.0,top,D5,,,LED-ARRAY-SMD_6P-L1.6-W1.6-TL_19-337C-RSBHGHC-M01,LED_RGB,tht
63.5226,-54.7116,0.0,top,D6,,,LED-ARRAY-SMD_6P-L1.6-W1.6-TL_19-337C-RSBHGHC-M01,LED_RGB,tht
62.024,-56.896,0.0,top,D7,,,LED-ARRAY-SMD_6P-L1.6-W1.6-TL_19-337C-RSBHGHC-M01,LED_RGB,tht
60.5254,-59.0804,0.0,top,D8,,,LED-ARRAY-SMD_6P-L1.6-W1.6-TL_19-337C-RSBHGHC-M01,LED_RGB,tht
65.0106,-60.0436,0.0,top,D9,,,LED-ARRAY-SMD_6P-L1.6-W1.6-TL_19-337C-RSBHGHC-M01,LED_RGB,tht
70.2356,-31.4304,90.0,top,R1,,,R_0201_0603Metric,4.7k,smt
66.2205,-36.702999,180.0,top,R2,,,R_0201_0603Metric,4.7k,smt
69.2044,-32.4866,180.0,top,R3,,,R_0201_0603Metric,4.7k,smt
71.277,-32.4866,180.0,top,R4,,,R_0201_0603Metric,100k,smt
70.2356,-33.5382,90.0,top,R5,,,R_0201_0603Metric,20k,smt
66.2163,-37.464999,0.0,top,R6,,,R_0201_0603Metric,220,smt
47.555623,-34.894347,-120.0,bottom,SW1,SKTDLHE010,,KEY-SMD_SKTDLHE010,SKTDLHE010,smt
47.528875,-55.068947,-60.0,bottom,SW2,SKTDLHE010,,KEY-SMD_SKTDLHE010,SKTDLHE010,smt
82.466977,-34.966653,120.0,bottom,SW3,SKTDLHE010,,KEY-SMD_SKTDLHE010,SKTDLHE010,smt
82.466977,-55.072453,60.0,bottom,SW4,SKTDLHE010,,KEY-SMD_SKTDLHE010,SKTDLHE010,smt
68.7168,-44.878,90.0,top,U1,,,KCSC02-105,KCSA02-105,smt
76.1336,-44.878,90.0,top,U2,,,KCSC02-105,KCSA02-105,smt
55.13,-34.032,0.0,top,U3,LIS2DW12TR-MS,,LGA-12_L2.0-W2.0_BMA250,LIS2DW12TR-MS,smt
59.5398,-32.4738,0.0,top,U5,,,VQFN-20-1EP_3x3mm_P0.4mm_EP1.7x1.7mm,ATtiny1616-M,smt
61.3058,-44.878,90.0,top,U6,,,KCSC02-105,KCSA02-105,smt
65.0494,-31.3944,0.0,top,U7,,,QFN-28-1EP_4x4mm_P0.4mm_EP2.3x2.3mm,IS31FL3731-QF,smt
53.9144,-44.878,90.0,top,U8,,,KCSC02-105,KCSA02-105,smt
64.989395,-61.904801,-90.0,bottom,U9,DS3231MZ+TRL,,SOIC-8_L4.9-W3.9-P1.27-LS6.0-BL,DS3231MZ+,smt
65.0,-27.0,90.0,top,W1,,,LED-SMD_L1.6-W0.8-R-RD,LED_Small,smt
50.437694,-34.419865,144.0,top,W10,,,LED-SMD_L1.6-W0.8-R-RD,LED_Small,smt
49.411543,-36.0,150.0,top,W11,,,LED-SMD_L1.6-W0.8-R-RD,LED_Small,smt
48.556182,-37.67874,156.0,top,W12,,,LED-SMD_L1.6-W0.8-R-RD,LED_Small,smt
47.880983,-39.437694,162.0,top,W13,,,LED-SMD_L1.6-W0.8-R-RD,LED_Small,smt
47.393343,-41.25759,168.0,top,W14,,,LED-SMD_L1.6-W0.8-R-RD,LED_Small,smt
47.098606,-43.118488,174.0,top,W15,,,LED-SMD_L1.6-W0.8-R-RD,LED_Small,smt
47.0,-45.0,180.0,top,W16,,,LED-SMD_L1.6-W0.8-R-RD,LED_Small,smt
47.098606,-46.881512,-174.0,top,W17,,,LED-SMD_L1.6-W0.8-R-RD,LED_Small,smt
47.393343,-48.74241,-168.0,top,W18,,,LED-SMD_L1.6-W0.8-R-RD,LED_Small,smt
47.880983,-50.562306,-162.0,top,W19,,,LED-SMD_L1.6-W0.8-R-RD,LED_Small,smt
63.118488,-27.098606,96.0,top,W2,,,LED-SMD_L1.6-W0.8-R-RD,LED_Small,smt
48.556182,-52.32126,-156.0,top,W20,,,LED-SMD_L1.6-W0.8-R-RD,LED_Small,smt
49.411543,-54.0,-150.0,top,W21,,,LED-SMD_L1.6-W0.8-R-RD,LED_Small,smt
50.437694,-55.580135,-144.0,top,W22,,,LED-SMD_L1.6-W0.8-R-RD,LED_Small,smt
51.623393,-57.044351,-138.0,top,W23,,,LED-SMD_L1.6-W0.8-R-RD,LED_Small,smt
52.955649,-58.376607,-132.0,top,W24,,,LED-SMD_L1.6-W0.8-R-RD,LED_Small,smt
54.419865,-59.562306,-126.0,top,W25,,,LED-SMD_L1.6-W0.8-R-RD,LED_Small,smt
56.0,-60.588457,-120.0,top,W26,,,LED-SMD_L1.6-W0.8-R-RD,LED_Small,smt
57.67874,-61.443818,-114.0,top,W27,,,LED-SMD_L1.6-W0.8-R-RD,LED_Small,smt
59.437694,-62.119017,-108.0,top,W28,,,LED-SMD_L1.6-W0.8-R-RD,LED_Small,smt
61.25759,-62.606657,-102.0,top,W29,,,LED-SMD_L1.6-W0.8-R-RD,LED_Small,smt
61.25759,-27.393343,102.0,top,W3,,,LED-SMD_L1.6-W0.8-R-RD,LED_Small,smt
63.118488,-62.901394,-96.0,top,W30,,,LED-SMD_L1.6-W0.8-R-RD,LED_Small,smt
65.0,-63.0,-90.0,top,W31,,,LED-SMD_L1.6-W0.8-R-RD,LED_Small,smt
66.881512,-62.901394,-84.0,top,W32,,,LED-SMD_L1.6-W0.8-R-RD,LED_Small,smt
68.74241,-62.606657,-78.0,top,W33,,,LED-SMD_L1.6-W0.8-R-RD,LED_Small,smt
70.562306,-62.119017,-72.0,top,W34,,,LED-SMD_L1.6-W0.8-R-RD,LED_Small,smt
72.32126,-61.443818,-66.0,top,W35,,,LED-SMD_L1.6-W0.8-R-RD,LED_Small,smt
74.0,-60.588457,-60.0,top,W36,,,LED-SMD_L1.6-W0.8-R-RD,LED_Small,smt
75.580135,-59.562306,-54.0,top,W37,,,LED-SMD_L1.6-W0.8-R-RD,LED_Small,smt
77.044351,-58.376607,-48.0,top,W38,,,LED-SMD_L1.6-W0.8-R-RD,LED_Small,smt
78.376607,-57.044351,-42.0,top,W39,,,LED-SMD_L1.6-W0.8-R-RD,LED_Small,smt
59.437694,-27.880983,108.0,top,W4,,,LED-SMD_L1.6-W0.8-R-RD,LED_Small,smt
79.562306,-55.580135,-36.0,top,W40,,,LED-SMD_L1.6-W0.8-R-RD,LED_Small,smt
80.588457,-54.0,-30.0,top,W41,,,LED-SMD_L1.6-W0.8-R-RD,LED_Small,smt
81.443818,-52.32126,-24.0,top,W42,,,LED-SMD_L1.6-W0.8-R-RD,LED_Small,smt
82.119017,-50.562306,-18.0,top,W43,,,LED-SMD_L1.6-W0.8-R-RD,LED_Small,smt
82.606657,-48.74241,-12.0,top,W44,,,LED-SMD_L1.6-W0.8-R-RD,LED_Small,smt
82.901394,-46.881512,-6.0,top,W45,,,LED-SMD_L1.6-W0.8-R-RD,LED_Small,smt
83.0,-45.0,0.0,top,W46,,,LED-SMD_L1.6-W0.8-R-RD,LED_Small,smt
82.901394,-43.118488,6.0,top,W47,,,LED-SMD_L1.6-W0.8-R-RD,LED_Small,smt
82.606657,-41.25759,12.0,top,W48,,,LED-SMD_L1.6-W0.8-R-RD,LED_Small,smt
82.119017,-39.437694,18.0,top,W49,,,LED-SMD_L1.6-W0.8-R-RD,LED_Small,smt
57.67874,-28.556182,114.0,top,W5,,,LED-SMD_L1.6-W0.8-R-RD,LED_Small,smt
81.443818,-37.67874,24.0,top,W50,,,LED-SMD_L1.6-W0.8-R-RD,LED_Small,smt
80.588457,-36.0,30.0,top,W51,,,LED-SMD_L1.6-W0.8-R-RD,LED_Small,smt
79.562306,-34.419865,36.0,top,W52,,,LED-SMD_L1.6-W0.8-R-RD,LED_Small,smt
78.376607,-32.955649,42.0,top,W53,,,LED-SMD_L1.6-W0.8-R-RD,LED_Small,smt
77.044351,-31.623393,48.0,top,W54,,,LED-SMD_L1.6-W0.8-R-RD,LED_Small,smt
75.580135,-30.437694,54.0,top,W55,,,LED-SMD_L1.6-W0.8-R-RD,LED_Small,smt
74.0,-29.411543,60.0,top,W56,,,LED-SMD_L1.6-W0.8-R-RD,LED_Small,smt
72.32126,-28.556182,66.0,top,W57,,,LED-SMD_L1.6-W0.8-R-RD,LED_Small,smt
70.562306,-27.880983,72.0,top,W58,,,LED-SMD_L1.6-W0.8-R-RD,LED_Small,smt
68.74241,-27.393343,78.0,top,W59,,,LED-SMD_L1.6-W0.8-R-RD,LED_Small,smt
56.0,-29.411543,120.0,top,W6,,,LED-SMD_L1.6-W0.8-R-RD,LED_Small,smt
66.881512,-27.098606,84.0,top,W60,,,LED-SMD_L1.6-W0.8-R-RD,LED_Small,smt
63.996,-37.084,0.0,top,W61,,,LED-SMD_L1.6-W0.8-R-RD,LED_Small,smt
54.419865,-30.437694,126.0,top,W7,,,LED-SMD_L1.6-W0.8-R-RD,LED_Small,smt
52.955649,-31.623393,132.0,top,W8,,,LED-SMD_L1.6-W0.8-R-RD,LED_Small,smt
51.623393,-32.955649,138.0,top,W9,,,LED-SMD_L1.6-W0.8-R-RD,LED_Small,smt
